Subject,PostSessionPaint,P033Version
TEST,1,P033d
Mario,1,P033e
Thoth,1,P033e
Odin,1,P033e
Itzamna,1,P033e
Vonnegut,1,P033e
Hawthorne,1,P033e
Durrell,1,P033e
Darwin,1,P033e
Wario,1,P033e
Waluigi,1,P033e
Athena,1,P033e
Shy Guy,1,P033e
Bowser,1,P033e
Wenchang,1,P033e
Peach,1,P033e
Luigi,1,P033e
Yoshi,1,P033e
Bon Jovi,1,P033e
Cousteau,1,P033e
Evaristo,1,P033e
Jubilee,1,P033e
Zappa,1,P033e
Sting,1,P033e
Hendrix,1,P033e
Iggy,1,P033e
Kurt,1,P033e
Herriot,1,P033e
Bowie,1,P033e
Joplin,1,P033e
Jagger,1,P033e